,Batch,FPS,Memory,Method,Run,Time
0,0.0,0.0020570840833119054,144.0,CA-LBF II,1.0,1.0672734657675801e-05
1,1.0,0.003268736866682232,176.0,CA-LBF II,1.0,6.047521884015981e-05
2,2.0,0.005766766339171294,176.0,CA-LBF II,1.0,6.915424869268267e-05
3,3.0,0.008070866141732283,176.0,CA-LBF II,1.0,7.622815761328733e-05
4,4.0,0.0147918188458729,176.0,CA-LBF II,1.0,8.526085817962267e-05
5,5.0,0.013308309162259,208.0,CA-LBF II,1.0,0.00010014866397588579
6,6.0,0.024288910194950462,208.0,CA-LBF II,1.0,0.00010114102750211148
7,7.0,0.016576250753465943,208.0,CA-LBF II,1.0,0.00012342597739364402
8,8.0,0.02916903813318156,208.0,CA-LBF II,1.0,0.0001111823654967881
9,9.0,0.019140045828278742,272.0,CA-LBF II,1.0,0.00016500399662898137
10,10.0,0.024296675191815855,272.0,CA-LBF II,1.0,0.00013980548247973784
11,0.0,0.0020570840833119054,144.0,LBF,1.0,1.583143929454768e-05
12,1.0,0.0035022180714452487,176.0,LBF,1.0,6.758276357690329e-05
13,2.0,0.0070482699700982485,176.0,LBF,1.0,7.335180068906412e-05
14,3.0,0.01141732283464567,176.0,LBF,1.0,8.4742470895601e-05
15,4.0,0.020635500365230094,176.0,LBF,1.0,9.250393546963134e-05
16,5.0,0.025251663538645282,208.0,LBF,1.0,0.00010795068938702469
17,6.0,0.037392138063279005,208.0,LBF,1.0,0.00010871441101581787
18,7.0,0.040536467751657625,208.0,LBF,1.0,0.00013316792906445922
19,8.0,0.05421172453044963,208.0,LBF,1.0,0.00011926877027737624
20,9.0,0.05688098126432134,272.0,LBF,1.0,0.00012844565504553909
21,10.0,0.062020460358056265,272.0,LBF,1.0,0.00012386663044316852
22,0.0,0.00565698122910774,66148.0,IA-LBF,1.0,1.4255004756052052e-05
23,1.0,0.0058370301190754145,72724.0,IA-LBF,1.0,9.051991696179655e-06
24,2.0,0.006407518154634771,79220.0,IA-LBF,1.0,8.648361902513939e-06
25,3.0,0.006496062992125984,84972.0,IA-LBF,1.0,8.662706588808432e-06
26,4.0,0.00620891161431702,91440.0,IA-LBF,1.0,9.263204835757181e-06
27,5.0,0.006483535232895411,98464.0,IA-LBF,1.0,1.0102616306162474e-05
28,6.0,0.006072227548737616,105128.0,IA-LBF,1.0,8.67873368292985e-06
29,7.0,0.00617842073538276,112324.0,IA-LBF,1.0,1.0528584280033865e-05
30,8.0,0.0061183836084234495,118460.0,IA-LBF,1.0,9.181345822657468e-06
31,9.0,0.0063350855910500065,124368.0,IA-LBF,1.0,9.187789568038592e-06
32,10.0,0.006649616368286445,130556.0,IA-LBF,1.0,8.249976778724338e-06
33,0.0,0.0020570840833119054,144.0,CA-LBF I,1.0,1.3877842904127523e-05
34,1.0,0.002801774457156199,144.0,CA-LBF I,1.0,8.653308346063765e-06
35,2.0,0.004271678769756515,144.0,CA-LBF I,1.0,8.058745831374806e-06
36,3.0,0.00531496062992126,144.0,CA-LBF I,1.0,8.215548091904256e-06
37,4.0,0.007852447041636231,144.0,CA-LBF I,1.0,8.450998804875923e-06
38,5.0,0.008872206108172668,144.0,CA-LBF I,1.0,9.386865924502803e-06
39,6.0,0.011185682326621925,144.0,CA-LBF I,1.0,8.338206523173565e-06
40,7.0,0.012507534659433394,144.0,CA-LBF I,1.0,9.981857268081634e-06
41,8.0,0.013801935116676153,144.0,CA-LBF I,1.0,8.81008695416044e-06
42,9.0,0.015500741339803208,144.0,CA-LBF I,1.0,8.918143607474662e-06
43,10.0,0.017391304347826087,144.0,CA-LBF I,1.0,7.794949220272706e-06
44,0.0,0.0030557677616501145,144.0,CA-LBF II,2.0,9.308178229247793e-06
45,1.0,0.008327550312283136,176.0,CA-LBF II,2.0,5.924899548415821e-05
46,2.0,0.009544008483563097,176.0,CA-LBF II,2.0,6.97522737178565e-05
47,3.0,0.009219301686936054,176.0,CA-LBF II,2.0,8.092678434126605e-05
48,4.0,0.014587892049598834,176.0,CA-LBF II,2.0,8.910572875090159e-05
49,5.0,0.0235254006137061,208.0,CA-LBF II,2.0,9.591994938514045e-05
50,6.0,0.0183735420993769,208.0,CA-LBF II,2.0,0.00010512425349308894
51,7.0,0.012349397590361445,208.0,CA-LBF II,2.0,0.00012180463192120907
52,8.0,0.029562251279135872,208.0,CA-LBF II,2.0,0.00011201212163278814
53,9.0,0.028028567578493466,272.0,CA-LBF II,2.0,0.00012972696903093938
54,10.0,0.018286445012787724,272.0,CA-LBF II,2.0,0.00015401245402694988
55,0.0,0.0030557677616501145,144.0,LBF,2.0,2.53157947417484e-05
56,1.0,0.007864908628267407,176.0,LBF,2.0,7.482930337739684e-05
57,2.0,0.01505832449628844,176.0,LBF,2.0,6.910379496847445e-05
58,3.0,0.018438603373872108,176.0,LBF,2.0,8.072595873314315e-05
59,4.0,0.02662290299051787,176.0,LBF,2.0,9.616875549569665e-05
60,5.0,0.03852710535288101,208.0,LBF,2.0,9.134844625639222e-05
61,6.0,0.04553443042019492,208.0,LBF,2.0,9.236464629302154e-05
62,7.0,0.04743975903614458,208.0,LBF,2.0,0.0001097692025674356
63,8.0,0.05812961910176236,208.0,LBF,2.0,0.00010212097247276386
64,9.0,0.06966716076000538,272.0,LBF,2.0,0.0001328630903406599
65,10.0,0.07199488491048593,272.0,LBF,2.0,0.00012859881791652116
66,0.0,0.005092946269416858,63456.0,IA-LBF,2.0,1.3665023993851611e-05
67,1.0,0.005320379366180893,69164.0,IA-LBF,2.0,8.834348179987358e-06
68,2.0,0.005090137857900318,74784.0,IA-LBF,2.0,9.191976048639702e-06
69,3.0,0.004903883876029816,81688.0,IA-LBF,2.0,1.002644107549517e-05
70,4.0,0.004741064916119621,88984.0,IA-LBF,2.0,9.78653856332866e-06
71,5.0,0.00477326968973747,95904.0,IA-LBF,2.0,1.0505751455473207e-05
72,6.0,0.005112637801565745,103012.0,IA-LBF,2.0,9.105012223527237e-06
73,7.0,0.005421686746987952,111452.0,IA-LBF,2.0,1.0331306536827166e-05
74,8.0,0.005827174530983513,117372.0,IA-LBF,2.0,8.746640845792457e-06
75,9.0,0.005659614607195796,124380.0,IA-LBF,2.0,9.99375341340063e-06
76,10.0,0.00639386189258312,130100.0,IA-LBF,2.0,1.032238442783792e-05
77,0.0,0.0030557677616501145,144.0,CA-LBF I,2.0,1.265846680257922e-05
78,1.0,0.0037011334721258385,144.0,CA-LBF I,2.0,8.363941398399004e-06
79,2.0,0.004029692470837752,144.0,CA-LBF I,2.0,8.742838974315597e-06
80,3.0,0.004903883876029816,144.0,CA-LBF I,2.0,9.600552285855242e-06
81,4.0,0.006017505470459519,144.0,CA-LBF I,2.0,9.327013957549923e-06
82,5.0,0.007159904534606206,144.0,CA-LBF I,2.0,9.803356471398065e-06
83,6.0,0.009586195877935773,144.0,CA-LBF I,2.0,8.597939029304997e-06
84,7.0,0.010240963855421687,144.0,CA-LBF I,2.0,9.731542543661073e-06
85,8.0,0.012507106310403639,144.0,CA-LBF I,2.0,8.573155393223753e-06
86,9.0,0.014957552890446032,144.0,CA-LBF I,2.0,9.34442214807205e-06
87,10.0,0.017135549872122763,144.0,CA-LBF I,2.0,8.065090853558261e-06
88,0.0,0.0025497195308516064,144.0,CA-LBF II,3.0,1.2593006914402219e-05
89,1.0,0.007665505226480836,176.0,CA-LBF II,3.0,5.6015505335637645e-05
90,2.0,0.026360544217687076,176.0,CA-LBF II,3.0,6.620320047085711e-05
91,3.0,0.019219454795057853,176.0,CA-LBF II,3.0,7.604563384629879e-05
92,4.0,0.015664845173041893,176.0,CA-LBF II,3.0,0.0001047063170626945
93,5.0,0.013240536411475132,208.0,CA-LBF II,3.0,9.112387771923017e-05
94,6.0,0.011946479770627589,208.0,CA-LBF II,3.0,0.0001289026652948772
95,7.0,0.014699265036748163,208.0,CA-LBF II,3.0,0.00011462183851214307
96,8.0,0.015303953521326342,208.0,CA-LBF II,3.0,0.00012260365634846835
97,9.0,0.02216550241805481,272.0,CA-LBF II,3.0,0.00013526264198604593
98,10.0,0.02557544757033248,272.0,CA-LBF II,3.0,0.00015051052624867018
99,0.0,0.0025497195308516064,144.0,LBF,3.0,1.2801567465840593e-05
100,1.0,0.007897793263646922,176.0,LBF,3.0,9.447360929117164e-05
101,2.0,0.030612244897959183,176.0,LBF,3.0,9.716051742743655e-05
102,3.0,0.04118454598940969,176.0,LBF,3.0,7.567019878086708e-05
103,4.0,0.04735883424408015,176.0,LBF,3.0,0.00010302699947752894
104,5.0,0.052792395179086744,208.0,LBF,3.0,0.00010476517974093742
105,6.0,0.0536795157693533,208.0,LBF,3.0,0.00011251423809979413
106,7.0,0.056097195140242986,208.0,LBF,3.0,0.00011726823517289826
107,8.0,0.058948561711775545,208.0,LBF,3.0,0.00012101899065743365
108,9.0,0.06528747984954325,272.0,LBF,3.0,0.00017689419387531874
109,10.0,0.0731457800511509,272.0,LBF,3.0,0.0001448167336953653
110,0.0,0.00790413054563998,62808.0,IA-LBF,3.0,1.3802975013867593e-05
111,1.0,0.00743321718931475,69712.0,IA-LBF,3.0,1.981297963882383e-05
112,2.0,0.007227891156462585,76664.0,IA-LBF,3.0,8.452977382295853e-06
113,3.0,0.006471857226907237,83680.0,IA-LBF,3.0,8.840283912247148e-06
114,4.0,0.006193078324225865,89284.0,IA-LBF,3.0,9.508053791473515e-06
115,5.0,0.0057715158716686475,95596.0,IA-LBF,3.0,8.439621984711326e-06
116,6.0,0.005893596686842944,102800.0,IA-LBF,3.0,9.7260901437232e-06
117,7.0,0.006149692515374231,109972.0,IA-LBF,3.0,9.616546472244105e-06
118,8.0,0.005526427660478957,116580.0,IA-LBF,3.0,9.470323019364767e-06
119,9.0,0.005910800644814616,123480.0,IA-LBF,3.0,9.750873779804443e-06
120,10.0,0.006138107416879796,130784.0,IA-LBF,3.0,1.0851267221811656e-05
121,0.0,0.0025497195308516064,144.0,CA-LBF I,3.0,1.0326223086221443e-05
122,1.0,0.003716608594657375,144.0,CA-LBF I,3.0,9.611929106019839e-06
123,2.0,0.0055272108843537416,144.0,CA-LBF I,3.0,1.0544333715161842e-05
124,3.0,0.005491272798587958,144.0,CA-LBF I,3.0,8.464848846815435e-06
125,4.0,0.0069216757741347905,144.0,CA-LBF I,3.0,8.82297135982276e-06
126,5.0,0.007808521473434052,144.0,CA-LBF I,3.0,8.151244325756531e-06
127,6.0,0.009079324625676967,144.0,CA-LBF I,3.0,9.184319858987218e-06
128,7.0,0.009899505024748763,144.0,CA-LBF I,3.0,9.184319858987218e-06
129,8.0,0.012044778234377215,144.0,CA-LBF I,3.0,8.825948481252436e-06
130,9.0,0.013970983342289092,144.0,CA-LBF I,3.0,9.098568478146115e-06
131,10.0,0.017263427109974423,144.0,CA-LBF I,3.0,1.0482486716922752e-05
132,0.0,0.002291825821237586,144.0,CA-LBF II,4.0,1.1305447555652907e-05
133,1.0,0.00788863109048724,176.0,CA-LBF II,4.0,6.293508521748776e-05
134,2.0,0.010830324909747292,176.0,CA-LBF II,4.0,7.437076806032806e-05
135,3.0,0.011392653702612453,176.0,CA-LBF II,4.0,8.043411856370349e-05
136,4.0,0.012199563000728332,176.0,CA-LBF II,4.0,9.028842340366475e-05
137,5.0,0.016499404660656573,208.0,CA-LBF II,4.0,9.806670588576448e-05
138,6.0,0.014553014553014554,208.0,CA-LBF II,4.0,0.00011351351430658987
139,7.0,0.010531066646607492,208.0,CA-LBF II,4.0,0.00011434178342442503
140,8.0,0.03430116709365215,208.0,CA-LBF II,4.0,0.00012526244482726417
141,9.0,0.022381016583524337,272.0,CA-LBF II,4.0,0.00014025010091103535
142,10.0,0.023785166240409206,272.0,CA-LBF II,4.0,0.00011996221641492942
143,0.0,0.002291825821237586,144.0,LBF,4.0,1.27177867315021e-05
144,1.0,0.00788863109048724,176.0,LBF,4.0,7.595412464062703e-05
145,2.0,0.015077511148863878,176.0,LBF,4.0,6.563881126182208e-05
146,3.0,0.02219603221371047,176.0,LBF,4.0,8.003939236842745e-05
147,4.0,0.028404952658412235,176.0,LBF,4.0,7.990237588209729e-05
148,5.0,0.036230651471338665,208.0,LBF,4.0,9.720503541938497e-05
149,6.0,0.04078042539581001,208.0,LBF,4.0,0.00011626400223888628
150,7.0,0.04212426658642997,208.0,LBF,4.0,0.00010754858877455618
151,8.0,0.06148590947907771,208.0,LBF,4.0,0.00012862607991621054
152,9.0,0.06687339894836188,272.0,LBF,4.0,0.00012763770850929054
153,10.0,0.07186700767263426,272.0,LBF,4.0,0.00013724582854526701
154,0.0,0.008403361344537815,63700.0,IA-LBF,4.0,1.3709984340647919e-05
155,1.0,0.00788863109048724,70680.0,IA-LBF,4.0,1.0101132373097527e-05
156,2.0,0.007432575918454024,75884.0,IA-LBF,4.0,8.507882905698911e-06
157,3.0,0.007071302298173247,83776.0,IA-LBF,4.0,1.026436501024175e-05
158,4.0,0.007101238164603059,89556.0,IA-LBF,4.0,8.287271523376718e-06
159,5.0,0.007824459942167036,95848.0,IA-LBF,4.0,9.806324337527959e-06
160,6.0,0.00719654565808412,103336.0,IA-LBF,4.0,1.0996499329247742e-05
161,7.0,0.007070859034150744,109744.0,IA-LBF,4.0,9.09609011453799e-06
162,8.0,0.00654711073156846,116620.0,IA-LBF,4.0,1.0545932825290736e-05
163,9.0,0.006471619253067278,123896.0,IA-LBF,4.0,9.333021675474678e-06
164,10.0,0.006649616368286445,130540.0,IA-LBF,4.0,8.225193142643094e-06
165,0.0,0.002291825821237586,144.0,CA-LBF I,4.0,1.2722639279944874e-05
166,1.0,0.0032482598607888632,144.0,CA-LBF I,4.0,9.579777222945976e-06
167,2.0,0.004247186239116585,144.0,CA-LBF I,4.0,8.03203503620575e-06
168,3.0,0.006678452170496956,144.0,CA-LBF I,4.0,9.662877474583037e-06
169,4.0,0.008011653313911144,144.0,CA-LBF I,4.0,7.892050683745705e-06
170,5.0,0.009015138629018541,144.0,CA-LBF I,4.0,9.185051027669946e-06
171,6.0,0.010075163921317767,144.0,CA-LBF I,4.0,1.0379882463546405e-05
172,7.0,0.010982398074319243,144.0,CA-LBF I,4.0,8.48542132149615e-06
173,8.0,0.013805863933959578,144.0,CA-LBF I,4.0,9.944186141238143e-06
174,9.0,0.016179048132668194,144.0,CA-LBF I,4.0,8.762998045606079e-06
175,10.0,0.017263427109974423,144.0,CA-LBF I,4.0,7.652691149166369e-06
176,0.0,0.0007718034473887317,144.0,CA-LBF II,5.0,1.324760579617224e-05
177,1.0,0.002102803738317757,176.0,CA-LBF II,5.0,5.981486862625819e-05
178,2.0,0.0036340316374519027,176.0,CA-LBF II,5.0,6.933776174838117e-05
179,3.0,0.0149812734082397,176.0,CA-LBF II,5.0,7.37311929093357e-05
180,4.0,0.020464096473597662,176.0,CA-LBF II,5.0,8.18211013350744e-05
181,5.0,0.009879066598535173,208.0,CA-LBF II,5.0,9.156312190645463e-05
182,6.0,0.028124001278363696,208.0,CA-LBF II,5.0,0.00010511780974770781
183,7.0,0.021366235329521515,208.0,CA-LBF II,5.0,0.00011640725165543586
184,8.0,0.017354196301564723,208.0,CA-LBF II,5.0,0.00012772098152652353
185,9.0,0.026823021970615986,272.0,CA-LBF II,5.0,0.0001267222009924494
186,10.0,0.03388746803069054,272.0,CA-LBF II,5.0,0.0001194774484931803
187,0.0,0.0007718034473887317,144.0,LBF,5.0,1.326845194815599e-05
188,1.0,0.0025700934579439253,176.0,LBF,5.0,6.0419818672401774e-05
189,2.0,0.005771697306541257,176.0,LBF,5.0,5.879590125499425e-05
190,3.0,0.017938103686181747,176.0,LBF,5.0,6.751252407849577e-05
191,4.0,0.02996528412205372,176.0,LBF,5.0,8.291921180313553e-05
192,5.0,0.03389541815704309,208.0,LBF,5.0,9.01227175447456e-05
193,6.0,0.05129434324065196,208.0,LBF,5.0,0.00010580035108538526
194,7.0,0.05567258501354198,208.0,LBF,5.0,0.00011260593755329474
195,8.0,0.06258890469416785,208.0,LBF,5.0,0.00012146360908873117
196,9.0,0.0703598867771937,272.0,LBF,5.0,0.0001266840341928843
197,10.0,0.08184143222506395,272.0,LBF,5.0,0.00011907793627955066
198,0.0,0.00797530228968356,65464.0,IA-LBF,5.0,1.4327297824689285e-05
199,1.0,0.00794392523364486,72588.0,IA-LBF,5.0,9.156856299435944e-06
200,2.0,0.007268063274903805,79328.0,IA-LBF,5.0,8.695353116237276e-06
201,3.0,0.0072935146855903805,85128.0,IA-LBF,5.0,9.015882658265933e-06
202,4.0,0.00749132103051343,91380.0,IA-LBF,5.0,8.457923825845679e-06
203,5.0,0.007664793050587634,98272.0,IA-LBF,5.0,8.695847760592258e-06
204,6.0,0.007670182166826462,105232.0,IA-LBF,5.0,9.686931998714835e-06
205,7.0,0.007372855853144749,112040.0,IA-LBF,5.0,1.8551047279532386e-05
206,8.0,0.007254623044096728,118912.0,IA-LBF,5.0,1.2197018661023178e-05
207,9.0,0.007009030866693624,125096.0,IA-LBF,5.0,1.165673539445207e-05
208,10.0,0.00690537084398977,131148.0,IA-LBF,5.0,1.0138985520836717e-05
209,0.0,0.0007718034473887317,144.0,CA-LBF I,5.0,1.0060521301079391e-05
210,1.0,0.0016355140186915889,144.0,CA-LBF I,5.0,9.248860149462688e-06
211,2.0,0.0025651988029072254,144.0,CA-LBF I,5.0,8.75174257270528e-06
212,3.0,0.003942440370589394,144.0,CA-LBF I,5.0,8.876392950160869e-06
213,4.0,0.005846884706742189,144.0,CA-LBF I,5.0,8.370371775013777e-06
214,5.0,0.007153806847215125,144.0,CA-LBF I,5.0,8.647372613803975e-06
215,6.0,0.009268136784915308,144.0,CA-LBF I,5.0,9.691888725931085e-06
216,7.0,0.010081251880830575,144.0,CA-LBF I,5.0,9.473297055694517e-06
217,8.0,0.013655761024182077,144.0,CA-LBF I,5.0,9.87776599654041e-06
218,9.0,0.015500741339803208,144.0,CA-LBF I,5.0,9.387050002131789e-06
219,10.0,0.017391304347826087,144.0,CA-LBF I,5.0,7.965956309233287e-06
220,0.0,0.002566735112936345,144.0,CA-LBF II,6.0,1.3164518283039857e-05
221,1.0,0.01798225128444652,176.0,CA-LBF II,6.0,9.707346002095962e-05
222,2.0,0.019280205655526992,176.0,CA-LBF II,6.0,7.023949840751426e-05
223,3.0,0.00650887573964497,176.0,CA-LBF II,6.0,7.415906027639555e-05
224,4.0,0.01918509044399781,176.0,CA-LBF II,6.0,8.048852944275155e-05
225,5.0,0.012099522835719155,208.0,CA-LBF II,6.0,9.519875791557597e-05
226,6.0,0.01596169193934557,208.0,CA-LBF II,6.0,0.00010093383630447229
227,7.0,0.022583559168925023,208.0,CA-LBF II,6.0,0.000122477259804454
228,8.0,0.020628823445724854,208.0,CA-LBF II,6.0,0.00012179967519399282
229,9.0,0.017246025330099703,272.0,CA-LBF II,6.0,0.00014213514427137473
230,10.0,0.02340153452685422,272.0,CA-LBF II,6.0,0.00012891158740386646
231,0.0,0.002566735112936345,144.0,LBF,6.0,1.3125747411298109e-05
232,1.0,0.01798225128444652,176.0,LBF,6.0,6.001025314647627e-05
233,2.0,0.031919451585261355,176.0,LBF,6.0,6.994815288242958e-05
234,3.0,0.033136094674556214,176.0,LBF,6.0,7.221708653873427e-05
235,4.0,0.04385163530056642,176.0,LBF,6.0,7.878299570677191e-05
236,5.0,0.050443081117927745,208.0,LBF,6.0,8.925214347997641e-05
237,6.0,0.055227454110135674,208.0,LBF,6.0,9.615555126800854e-05
238,7.0,0.06323396567299007,208.0,LBF,6.0,0.00011954188594699154
239,8.0,0.06729264475743349,208.0,LBF,6.0,0.00011471254662020043
240,9.0,0.07033144704931285,272.0,LBF,6.0,0.00012300564692570613
241,10.0,0.07506393861892584,272.0,LBF,6.0,0.00012063286160728788
242,0.0,0.005646817248459959,65884.0,IA-LBF,6.0,1.4212124072874074e-05
243,1.0,0.005604857543204111,72496.0,IA-LBF,6.0,9.862219149640981e-06
244,2.0,0.006640959725792631,78516.0,IA-LBF,6.0,1.0013085677910642e-05
245,3.0,0.00650887573964497,84416.0,IA-LBF,6.0,8.406975457282482e-06
246,4.0,0.006212315000913576,88796.0,IA-LBF,6.0,8.451988093585889e-06
247,5.0,0.006475800954328562,95872.0,IA-LBF,6.0,9.024291612300635e-06
248,6.0,0.006225059856344773,101852.0,IA-LBF,6.0,8.84874942644718e-06
249,7.0,0.006022282445046673,109520.0,IA-LBF,6.0,1.0813596094968165e-05
250,8.0,0.0061175131597666806,116952.0,IA-LBF,6.0,9.702793525806831e-06
251,9.0,0.006332524925895985,124440.0,IA-LBF,6.0,9.30476833034206e-06
252,10.0,0.0058823529411764705,130936.0,IA-LBF,6.0,8.73871008224646e-06
253,0.0,0.002566735112936345,144.0,CA-LBF I,6.0,1.3164369735638547e-05
254,1.0,0.004203643157403083,144.0,CA-LBF I,6.0,9.51102165760341e-06
255,2.0,0.005569837189374464,144.0,CA-LBF I,6.0,9.292388852701148e-06
256,3.0,0.005917159763313609,144.0,CA-LBF I,6.0,7.767400306290117e-06
257,4.0,0.006395030147999269,144.0,CA-LBF I,6.0,7.704580473207339e-06
258,5.0,0.008691206543967281,144.0,CA-LBF I,6.0,8.772022991259563e-06
259,6.0,0.0111731843575419,144.0,CA-LBF I,6.0,8.09037016236113e-06
260,7.0,0.012646793134598013,144.0,CA-LBF I,6.0,9.830181415264424e-06
261,8.0,0.014084507042253521,144.0,CA-LBF I,6.0,8.949866661658654e-06
262,9.0,0.014820803018054433,144.0,CA-LBF I,6.0,8.389260813500925e-06
263,10.0,0.017135549872122763,144.0,CA-LBF I,6.0,8.186530670356354e-06
264,0.0,0.0025471217524197657,144.0,CA-LBF II,7.0,9.410576904550396e-06
265,1.0,0.024825986078886312,176.0,CA-LBF II,7.0,8.814018296997577e-05
266,2.0,0.013390010626992561,176.0,CA-LBF II,7.0,0.00011800186268026897
267,3.0,0.013937966234786024,176.0,CA-LBF II,7.0,0.00013099616988565912
268,4.0,0.01930080116533139,176.0,CA-LBF II,7.0,8.628872914927629e-05
269,5.0,0.030117406840224605,208.0,CA-LBF II,7.0,9.781938370827322e-05
270,6.0,0.02011173184357542,208.0,CA-LBF II,7.0,0.00021717801163449358
271,7.0,0.015010507355148604,208.0,CA-LBF II,7.0,0.00023359072679293626
272,8.0,0.02643171806167401,208.0,CA-LBF II,7.0,0.00022031016756244112
273,9.0,0.015746971736204575,272.0,CA-LBF II,7.0,0.00025318665216965386
274,10.0,0.01751918158567775,272.0,CA-LBF II,7.0,0.00015681498759501688
275,0.0,0.0025471217524197657,144.0,LBF,7.0,9.983524231400693e-06
276,1.0,0.023665893271461718,176.0,LBF,7.0,6.292717090780804e-05
277,2.0,0.03251859723698194,176.0,LBF,7.0,6.615571461277879e-05
278,3.0,0.04063604240282685,176.0,LBF,7.0,7.770467101291007e-05
279,4.0,0.051711580480699196,176.0,LBF,7.0,8.086544844124821e-05
280,5.0,0.06550961374851115,208.0,LBF,7.0,9.334730409487649e-05
281,6.0,0.06895450917797287,208.0,LBF,7.0,0.0001011494539383791
282,7.0,0.0720504353047133,208.0,LBF,7.0,0.00010140522106273754
283,8.0,0.08014779025152764,208.0,LBF,7.0,0.00014703685181552309
284,9.0,0.08156123822341857,272.0,LBF,7.0,0.00012289213787245403
285,10.0,0.08375959079283887,272.0,LBF,7.0,0.00013025585182491312
286,0.0,0.007641365257259297,63032.0,IA-LBF,7.0,1.3795002969997323e-05
287,1.0,0.0064965197215777265,70908.0,IA-LBF,7.0,1.0074916222283454e-05
288,2.0,0.006801275239107333,76024.0,IA-LBF,7.0,9.090079311513307e-06
289,3.0,0.006478209658421673,83060.0,IA-LBF,7.0,9.559496804391696e-06
290,4.0,0.0065549890750182084,89768.0,IA-LBF,7.0,8.868973284836132e-06
291,5.0,0.00680619363620895,96108.0,IA-LBF,7.0,1.0046721494049452e-05
292,6.0,0.006065442936951317,102308.0,IA-LBF,7.0,9.876774651097161e-06
293,7.0,0.006604623236265386,110188.0,IA-LBF,7.0,8.711943755278716e-06
294,8.0,0.006536876509876368,118784.0,IA-LBF,7.0,1.306147188753695e-05
295,9.0,0.006460296096904442,124676.0,IA-LBF,7.0,1.0933548893601383e-05
296,10.0,0.00639386189258312,130920.0,IA-LBF,7.0,9.69040170776621e-06
297,0.0,0.0025471217524197657,144.0,CA-LBF I,7.0,1.2797655717606114e-05
298,1.0,0.0037122969837587007,144.0,CA-LBF I,7.0,9.438308937420984e-06
299,2.0,0.004250797024442083,144.0,CA-LBF I,7.0,8.419341566157044e-06
300,3.0,0.004907734589713388,144.0,CA-LBF I,7.0,9.125199060717064e-06
301,4.0,0.0065549890750182084,144.0,CA-LBF I,7.0,8.275894703212121e-06
302,5.0,0.00816743236345074,144.0,CA-LBF I,7.0,9.403683832572209e-06
303,6.0,0.009896249002394254,144.0,CA-LBF I,7.0,9.028182951675384e-06
304,7.0,0.011257880516361453,144.0,CA-LBF I,7.0,8.173147506872483e-06
305,8.0,0.013500071053005542,144.0,CA-LBF I,7.0,1.0363525263732783e-05
306,9.0,0.014804845222072678,144.0,CA-LBF I,7.0,8.538953975431636e-06
307,10.0,0.017263427109974423,144.0,CA-LBF I,7.0,8.915169571144913e-06
308,0.0,0.003865979381443299,144.0,CA-LBF II,8.0,1.3365899043414947e-05
309,1.0,0.014295758143895007,176.0,CA-LBF II,8.0,7.314751257045634e-05
310,2.0,0.012441012441012441,176.0,CA-LBF II,8.0,6.863685069737098e-05
311,3.0,0.011262596324836989,176.0,CA-LBF II,8.0,7.656352648596547e-05
312,4.0,0.018504946866984243,176.0,CA-LBF II,8.0,8.188095330202728e-05
313,5.0,0.022070145423438835,208.0,CA-LBF II,8.0,0.00011386218407342048
314,6.0,0.021658912241296326,208.0,CA-LBF II,8.0,0.00012201430148245639
315,7.0,0.022353118864219906,208.0,CA-LBF II,8.0,0.0001305844828393504
316,8.0,0.016227758007117437,208.0,CA-LBF II,8.0,0.00011211918694065911
317,9.0,0.017534394388993794,272.0,CA-LBF II,8.0,0.00013412110770814385
318,10.0,0.025703324808184144,272.0,CA-LBF II,8.0,0.0001418550891836567
319,0.0,0.003865979381443299,144.0,LBF,8.0,1.1045341055960175e-05
320,1.0,0.015467541598312632,176.0,LBF,8.0,7.296944060266266e-05
321,2.0,0.021021021021021023,176.0,LBF,8.0,9.916333242076066e-05
322,3.0,0.02292037146808931,176.0,LBF,8.0,8.109001697841027e-05
323,4.0,0.033162330524001464,176.0,LBF,8.0,9.072618365782426e-05
324,5.0,0.04054747647562019,208.0,LBF,8.0,0.00010629511473089827
325,6.0,0.05117920744424836,208.0,LBF,8.0,0.00011431947815195191
326,7.0,0.059960731007400694,208.0,LBF,8.0,0.00012153300326975864
327,8.0,0.06192170818505338,208.0,LBF,8.0,0.00011554527679253021
328,9.0,0.06474237928243863,272.0,LBF,8.0,0.0001425331694668395
329,10.0,0.06969309462915602,272.0,LBF,8.0,0.00013260881023446637
330,0.0,0.006701030927835051,66976.0,IA-LBF,8.0,1.713662627825237e-05
331,1.0,0.005390203890321068,73512.0,IA-LBF,8.0,1.0670468025682377e-05
332,2.0,0.005362505362505363,78324.0,IA-LBF,8.0,9.837486931891857e-06
333,3.0,0.0049397352301916615,85260.0,IA-LBF,8.0,9.344821154329293e-06
334,4.0,0.005130084279956028,91788.0,IA-LBF,8.0,9.568895047136362e-06
335,5.0,0.005645851154833191,98368.0,IA-LBF,8.0,1.0998417233035772e-05
336,6.0,0.005294400770094658,104416.0,IA-LBF,8.0,1.0667868314810453e-05
337,7.0,0.005588279716054976,110996.0,IA-LBF,8.0,1.0707026459818819e-05
338,8.0,0.005836298932384342,117092.0,IA-LBF,8.0,8.81008695416044e-06
339,9.0,0.005799838144051794,124796.0,IA-LBF,8.0,1.043341511748189e-05
340,10.0,0.006010230179028133,130784.0,IA-LBF,8.0,8.593973647531998e-06
341,0.0,0.003865979381443299,144.0,CA-LBF I,8.0,1.6120710600697488e-05
342,1.0,0.004921490508554019,144.0,CA-LBF I,8.0,1.011547705939202e-05
343,2.0,0.006006006006006006,144.0,CA-LBF I,8.0,9.33839077771452e-06
344,3.0,0.007310808140683659,144.0,CA-LBF I,8.0,8.878866171935782e-06
345,4.0,0.008244778307072188,144.0,CA-LBF I,8.0,9.211267178484019e-06
346,5.0,0.009751924721984603,144.0,CA-LBF I,8.0,1.0167414716665182e-05
347,6.0,0.010588801540189315,144.0,CA-LBF I,8.0,9.967978431876136e-06
348,7.0,0.011629663192871167,144.0,CA-LBF I,8.0,1.2020559172124724e-05
349,8.0,0.013665480427046264,144.0,CA-LBF I,8.0,8.855193171828304e-06
350,9.0,0.015376315079579175,144.0,CA-LBF I,8.0,1.0445806935522512e-05
351,10.0,0.017135549872122763,144.0,CA-LBF I,8.0,8.08541343514488e-06
352,0.0,0.0028061224489795917,144.0,CA-LBF II,9.0,1.546239803389473e-05
353,1.0,0.009976798143851507,176.0,CA-LBF II,9.0,6.662661603872212e-05
354,2.0,0.015106382978723404,176.0,CA-LBF II,9.0,7.5361540703358e-05
355,3.0,0.014787066246056782,176.0,CA-LBF II,9.0,9.29852244270293e-05
356,4.0,0.016477480776272427,176.0,CA-LBF II,9.0,9.265084484306114e-05
357,5.0,0.010921501706484642,208.0,CA-LBF II,9.0,0.00010053349728406218
358,6.0,0.012468030690537084,208.0,CA-LBF II,9.0,0.0001121727195945946
359,7.0,0.021837349397590362,208.0,CA-LBF II,9.0,0.00012537545820779462
360,8.0,0.02101974151398949,208.0,CA-LBF II,9.0,0.00011837804639661634
361,9.0,0.021511158913686476,272.0,CA-LBF II,9.0,0.00013387178432916653
362,10.0,0.02544757033248082,272.0,CA-LBF II,9.0,0.00015899644324288796
363,0.0,0.0028061224489795917,144.0,LBF,9.0,1.543075743741583e-05
364,1.0,0.010208816705336427,176.0,LBF,9.0,5.369166615592988e-05
365,2.0,0.022340425531914895,176.0,LBF,9.0,6.908450383863014e-05
366,3.0,0.029574132492113565,176.0,LBF,9.0,8.452037558021387e-05
367,4.0,0.03771512266569022,176.0,LBF,9.0,8.464601524637942e-05
368,5.0,0.03993174061433447,208.0,LBF,9.0,8.848643401846351e-05
369,6.0,0.04203964194373402,208.0,LBF,9.0,9.760688099692617e-05
370,7.0,0.047289156626506026,208.0,LBF,9.0,0.00011288400995012628
371,8.0,0.053827581309473085,208.0,LBF,9.0,0.00011676512736044902
372,9.0,0.05902124226942727,272.0,LBF,9.0,0.00012690807826305872
373,10.0,0.06585677749360613,272.0,LBF,9.0,0.00014430569511937006
374,0.0,0.007653061224489796,63660.0,IA-LBF,9.0,1.3870811660465546e-05
375,1.0,0.006728538283062645,70300.0,IA-LBF,9.0,9.791979651233468e-06
376,2.0,0.006595744680851064,76104.0,IA-LBF,9.0,9.806818981882942e-06
377,3.0,0.006703470031545741,84552.0,IA-LBF,9.0,1.1653326359032596e-05
378,4.0,0.006774075430245332,91572.0,IA-LBF,9.0,9.764279567354447e-06
379,5.0,0.006313993174061433,97992.0,IA-LBF,9.0,8.669136965423205e-06
380,6.0,0.006074168797953964,103532.0,IA-LBF,9.0,9.153588150246476e-06
381,7.0,0.00572289156626506,110480.0,IA-LBF,9.0,1.029908780992155e-05
382,8.0,0.005538985939497231,116472.0,IA-LBF,9.0,8.703021646289468e-06
383,9.0,0.00578112395805324,122360.0,IA-LBF,9.0,8.893855644115044e-06
384,10.0,0.006010230179028133,130860.0,IA-LBF,9.0,1.0528584280033865e-05
385,0.0,0.0028061224489795917,144.0,CA-LBF I,9.0,1.2858609667943398e-05
386,1.0,0.004176334106728539,144.0,CA-LBF I,9.0,9.192965337349666e-06
387,2.0,0.005106382978723404,144.0,CA-LBF I,9.0,9.15586701072598e-06
388,3.0,0.0065063091482649845,144.0,CA-LBF I,9.0,1.0940049199147838e-05
389,4.0,0.008787989747345295,144.0,CA-LBF I,9.0,9.200879647029386e-06
390,5.0,0.00955631399317406,144.0,CA-LBF I,9.0,8.230882066908713e-06
391,6.0,0.011029411764705883,144.0,CA-LBF I,9.0,8.337710850451939e-06
392,7.0,0.011596385542168675,144.0,CA-LBF I,9.0,9.716672362012329e-06
393,8.0,0.013066325805993467,144.0,CA-LBF I,9.0,7.868308783073187e-06
394,9.0,0.014788921753159451,144.0,CA-LBF I,9.0,8.494343430485399e-06
395,10.0,0.017135549872122763,144.0,CA-LBF I,9.0,9.958560650165264e-06
396,0.0,0.002813299232736573,144.0,CA-LBF II,10.0,1.2959374321831597e-05
397,1.0,0.00788863109048724,176.0,CA-LBF II,10.0,6.337729727084211e-05
398,2.0,0.010017050298380221,176.0,CA-LBF II,10.0,7.839321595504571e-05
399,3.0,0.016125860373647983,176.0,CA-LBF II,10.0,8.072150693394831e-05
400,4.0,0.009110787172011662,176.0,CA-LBF II,10.0,8.143428944947809e-05
401,5.0,0.017863218781898605,208.0,CA-LBF II,10.0,0.00010013184606781639
402,6.0,0.01579199234327644,208.0,CA-LBF II,10.0,0.00011018308928999236
403,7.0,0.023873873873873873,208.0,CA-LBF II,10.0,0.00011083192488259932
404,8.0,0.01985533966813218,208.0,CA-LBF II,10.0,0.0001160632547866282
405,9.0,0.029198062432723357,272.0,CA-LBF II,10.0,0.0001351431848601343
406,10.0,0.01751918158567775,272.0,CA-LBF II,10.0,0.00014375302003475832
407,0.0,0.002813299232736573,144.0,LBF,10.0,1.3266025673934603e-05
408,1.0,0.008352668213457077,176.0,LBF,10.0,6.0047351473099956e-05
409,2.0,0.014705882352941176,176.0,LBF,10.0,7.479171040641816e-05
410,3.0,0.02753195673549656,176.0,LBF,10.0,8.364139256140998e-05
411,4.0,0.030612244897959183,176.0,LBF,10.0,8.862740765963353e-05
412,5.0,0.04117046614494726,208.0,LBF,10.0,0.00010280490416214179
413,6.0,0.045302281065560696,208.0,LBF,10.0,0.00011038928914218832
414,7.0,0.057207207207207206,208.0,LBF,10.0,0.0001170218858302507
415,8.0,0.0618352006807545,208.0,LBF,10.0,0.00012576158725794041
416,9.0,0.07198600645855759,272.0,LBF,10.0,0.00014133165878962083
417,10.0,0.0731457800511509,272.0,LBF,10.0,0.00013315305888281047
418,0.0,0.009462915601023018,63912.0,IA-LBF,10.0,1.4003662553036572e-05
419,1.0,0.009976798143851507,69708.0,IA-LBF,10.0,8.524700813768315e-06
420,2.0,0.010230179028132993,76324.0,IA-LBF,10.0,1.0454308442555028e-05
421,3.0,0.009242871189773844,82688.0,IA-LBF,10.0,9.432867849516176e-06
422,4.0,0.00783527696793003,88208.0,IA-LBF,10.0,8.262044661272612e-06
423,5.0,0.007315413405920381,95760.0,IA-LBF,10.0,9.463041155170108e-06
424,6.0,0.007178178337852927,102444.0,IA-LBF,10.0,9.346900511680174e-06
425,7.0,0.006906906906906907,109568.0,IA-LBF,10.0,9.78507519759656e-06
426,8.0,0.006665721174301517,117544.0,IA-LBF,10.0,9.327569275536804e-06
427,9.0,0.00686221743810549,124372.0,IA-LBF,10.0,1.1043588237802105e-05
428,10.0,0.006649616368286445,131392.0,IA-LBF,10.0,9.607128690533232e-06
429,0.0,0.002813299232736573,144.0,CA-LBF I,10.0,1.293456690581293e-05
430,1.0,0.0030162412993039443,144.0,CA-LBF I,10.0,8.261550016917629e-06
431,2.0,0.0040494458653026425,144.0,CA-LBF I,10.0,9.987858815806535e-06
432,3.0,0.004916420845624385,144.0,CA-LBF I,10.0,9.241440484137951e-06
433,4.0,0.00564868804664723,144.0,CA-LBF I,10.0,7.716451937726919e-06
434,5.0,0.00748553929908132,144.0,CA-LBF I,10.0,9.447707180165651e-06
435,6.0,0.008613814005423513,144.0,CA-LBF I,10.0,9.054453605921501e-06
436,7.0,0.011711711711711712,144.0,CA-LBF I,10.0,9.077254551116245e-06
437,8.0,0.014466033186782017,144.0,CA-LBF I,10.0,9.01975651540776e-06
438,9.0,0.016684607104413347,144.0,CA-LBF I,10.0,9.762769925123442e-06
439,10.0,0.017391304347826087,144.0,CA-LBF I,10.0,9.00538200648064e-06
440,0.0,0.0028219599794766545,144.0,CA-LBF II,11.0,1.309985064766984e-05
441,1.0,0.006534422403733956,176.0,CA-LBF II,11.0,6.242065508830596e-05
442,2.0,0.024207369323050558,176.0,CA-LBF II,11.0,7.62880095802402e-05
443,3.0,0.013478691774033697,176.0,CA-LBF II,11.0,8.99758081713158e-05
444,4.0,0.019643840646227283,176.0,CA-LBF II,11.0,8.325705389758857e-05
445,5.0,0.012326656394453005,208.0,CA-LBF II,11.0,0.00010297951361945062
446,6.0,0.020819987187700194,208.0,CA-LBF II,11.0,9.087812380086856e-05
447,7.0,0.023329319686935582,208.0,CA-LBF II,11.0,0.00011049139772284303
448,8.0,0.016339869281045753,208.0,CA-LBF II,11.0,0.00012936958899864784
449,9.0,0.01981132075471698,272.0,CA-LBF II,11.0,0.00014027339752895174
450,10.0,0.021483375959079284,272.0,CA-LBF II,11.0,0.0001338633578928989
451,0.0,0.0028219599794766545,144.0,LBF,11.0,1.3148475163698444e-05
452,1.0,0.007001166861143524,176.0,LBF,11.0,6.125082118877236e-05
453,2.0,0.025492716366752356,176.0,LBF,11.0,7.402352772313035e-05
454,3.0,0.03349851337958375,176.0,LBF,11.0,8.190073907622658e-05
455,4.0,0.045346062052505964,176.0,LBF,11.0,8.089512710254717e-05
456,5.0,0.04913542201677795,208.0,LBF,11.0,9.204589479691754e-05
457,6.0,0.058936579115951314,208.0,LBF,11.0,9.285288392382203e-05
458,7.0,0.06456953642384106,208.0,LBF,11.0,0.00010188701494815691
459,8.0,0.06706450696220517,208.0,LBF,11.0,0.0001247112567608173
460,9.0,0.07196765498652291,272.0,LBF,11.0,0.0001504292359223237
461,10.0,0.07404092071611253,272.0,LBF,11.0,0.00013124174486822497
462,0.0,0.008209338122113904,66596.0,IA-LBF,11.0,1.4172907558928397e-05
463,1.0,0.007701283547257876,73024.0,IA-LBF,11.0,9.76675278912936e-06
464,2.0,0.00728363324764353,79320.0,IA-LBF,11.0,1.0098164506967631e-05
465,3.0,0.0075322101090188305,88448.0,IA-LBF,11.0,1.0666016226487536e-05
466,4.0,0.006425555351569671,94288.0,IA-LBF,11.0,8.485623909724698e-06
467,5.0,0.0063345317582605715,100560.0,IA-LBF,11.0,9.653973876193351e-06
468,6.0,0.006566303651505445,106368.0,IA-LBF,11.0,8.115153798442373e-06
469,7.0,0.006020469596628537,111996.0,IA-LBF,11.0,8.460142012693282e-06
470,8.0,0.005967604433077579,117796.0,IA-LBF,11.0,9.130787205051732e-06
471,9.0,0.006064690026954178,125460.0,IA-LBF,11.0,1.0216806138131822e-05
472,10.0,0.006521739130434782,131012.0,IA-LBF,11.0,8.464603067187905e-06
473,0.0,0.0028219599794766545,144.0,CA-LBF I,11.0,1.3140701183029919e-05
474,1.0,0.0039673278879813305,144.0,CA-LBF I,11.0,9.182577805895033e-06
475,2.0,0.004927163667523565,144.0,CA-LBF I,11.0,9.599562997145276e-06
476,3.0,0.005946481665014866,144.0,CA-LBF I,11.0,1.7085510665450352e-05
477,4.0,0.006976317238847072,144.0,CA-LBF I,11.0,9.449191113230598e-06
478,5.0,0.008731381612737545,144.0,CA-LBF I,11.0,8.597413533950743e-06
479,6.0,0.009929532351057015,144.0,CA-LBF I,11.0,7.66805700353674e-06
480,7.0,0.011288380493678507,144.0,CA-LBF I,11.0,8.132998016420868e-06
481,8.0,0.013356067064506962,144.0,CA-LBF I,11.0,8.529536193720764e-06
482,9.0,0.016711590296495958,144.0,CA-LBF I,11.0,9.6343906902226e-06
483,10.0,0.017391304347826087,144.0,CA-LBF I,11.0,7.952573145749415e-06
484,0.0,0.002274450341167551,144.0,CA-LBF II,12.0,1.2336019910136982e-05
485,1.0,0.004838709677419355,176.0,CA-LBF II,12.0,6.393278288148746e-05
486,2.0,0.013130029648454045,176.0,CA-LBF II,12.0,7.199103406850727e-05
487,3.0,0.014090019569471625,176.0,CA-LBF II,12.0,8.605871952420943e-05
488,4.0,0.025118310884601383,176.0,CA-LBF II,12.0,8.528559039737179e-05
489,5.0,0.015821708063967335,208.0,CA-LBF II,12.0,0.00010079516414784792
490,6.0,0.014367816091954023,208.0,CA-LBF II,12.0,0.00010507419054820484
491,7.0,0.019516589100735626,208.0,CA-LBF II,12.0,0.00010637334875158362
492,8.0,0.017444334137001843,208.0,CA-LBF II,12.0,0.00012094067436741692
493,9.0,0.023662274805055124,272.0,CA-LBF II,12.0,0.00012800500199601456
494,10.0,0.025319693094629156,272.0,CA-LBF II,12.0,0.00014566929077656007
495,0.0,0.002274450341167551,144.0,LBF,12.0,1.3724492470175802e-05
496,1.0,0.005069124423963134,176.0,LBF,12.0,6.174299232197995e-05
497,2.0,0.01609487505294367,176.0,LBF,12.0,7.084494309801284e-05
498,3.0,0.022504892367906065,176.0,LBF,12.0,7.952496223924566e-05
499,4.0,0.03858755005460503,176.0,LBF,12.0,9.503008419052694e-05
500,5.0,0.0461041170466145,208.0,LBF,12.0,9.776497282922516e-05
501,6.0,0.05140485312899106,208.0,LBF,12.0,0.00011582186217119689
502,7.0,0.053745683831256566,208.0,LBF,12.0,0.00010626578777099102
503,8.0,0.05587859878031485,208.0,LBF,12.0,0.00012035330219229145
504,9.0,0.0641301425114278,272.0,LBF,12.0,0.00012839757479154147
505,10.0,0.07033248081841433,272.0,LBF,12.0,0.00016643202973998263
506,0.0,0.008086934546373515,60576.0,IA-LBF,12.0,1.3270333548572576e-05
507,1.0,0.0064516129032258064,67100.0,IA-LBF,12.0,1.0162468273115356e-05
508,2.0,0.006776789495976281,74096.0,IA-LBF,12.0,1.0367745680433092e-05
509,3.0,0.007436399217221135,81148.0,IA-LBF,12.0,9.73113839557062e-06
510,4.0,0.0072806698216235895,88872.0,IA-LBF,12.0,1.0210448775548658e-05
511,5.0,0.006805035726437564,96336.0,IA-LBF,12.0,1.0031387519044995e-05
512,6.0,0.006545338441890166,102188.0,IA-LBF,12.0,9.808371815512928e-06
513,7.0,0.006305359555622279,108320.0,IA-LBF,12.0,8.701534628124595e-06
514,8.0,0.00680754502907389,115764.0,IA-LBF,12.0,9.476271092024267e-06
515,9.0,0.006587792417316483,122512.0,IA-LBF,12.0,9.716672362012329e-06
516,10.0,0.006265984654731458,130860.0,IA-LBF,12.0,1.0223249883512945e-05
517,0.0,0.002274450341167551,144.0,CA-LBF I,12.0,1.233493056252738e-05
518,1.0,0.002534562211981567,144.0,CA-LBF I,12.0,9.620338060054542e-06
519,2.0,0.004659042778483694,144.0,CA-LBF I,12.0,9.690577558462057e-06
520,3.0,0.0062622309197651665,144.0,CA-LBF I,12.0,9.089584667158325e-06
521,4.0,0.00691663633054241,144.0,CA-LBF I,12.0,9.508548435828497e-06
522,5.0,0.008166042871725076,144.0,CA-LBF I,12.0,9.484310862434355e-06
523,6.0,0.009578544061302681,144.0,CA-LBF I,12.0,9.265610185333696e-06
524,7.0,0.010358804984236601,144.0,CA-LBF I,12.0,8.179591252253606e-06
525,8.0,0.012338675365196426,144.0,CA-LBF I,12.0,8.840818662901182e-06
526,9.0,0.015192255982791072,144.0,CA-LBF I,12.0,9.117899714289485e-06
527,10.0,0.017263427109974423,144.0,CA-LBF I,12.0,1.0161786466031461e-05
528,0.0,0.00255885363357216,144.0,CA-LBF II,13.0,1.2951352762160891e-05
529,1.0,0.007686932215234102,176.0,CA-LBF II,13.0,6.927543655965338e-05
530,2.0,0.008315565031982943,176.0,CA-LBF II,13.0,7.408041182395334e-05
531,3.0,0.009053335957488683,176.0,CA-LBF II,13.0,9.211712358403503e-05
532,4.0,0.01644736842105263,176.0,CA-LBF II,13.0,0.00010136054264559291
533,5.0,0.023529411764705882,208.0,CA-LBF II,13.0,0.00010814013817498298
534,6.0,0.01680537772087068,208.0,CA-LBF II,13.0,0.00010709356121610455
535,7.0,0.024973672333383483,208.0,CA-LBF II,13.0,0.00010227661370735407
536,8.0,0.01962736452851657,208.0,CA-LBF II,13.0,0.00012786869199756773
537,9.0,0.028193713746121677,272.0,CA-LBF II,13.0,0.00013834622198727423
538,10.0,0.021739130434782608,272.0,CA-LBF II,13.0,0.00011621443496672378
539,0.0,0.00255885363357216,144.0,LBF,13.0,1.3019288440359715e-05
540,1.0,0.00791986955508968,176.0,LBF,13.0,6.031099691430563e-05
541,2.0,0.011300639658848614,176.0,LBF,13.0,6.747394181880713e-05
542,3.0,0.015941743751230072,176.0,LBF,13.0,7.699881351835005e-05
543,4.0,0.025950292397660817,176.0,LBF,13.0,8.787159108522028e-05
544,5.0,0.04143222506393862,208.0,LBF,13.0,9.272998793985834e-05
545,6.0,0.052176696542893725,208.0,LBF,13.0,0.00010559712526951907
546,7.0,0.0630359560704077,208.0,LBF,13.0,0.00010269545715712707
547,8.0,0.06713127577869435,208.0,LBF,13.0,0.00012248519056800002
548,9.0,0.07486847430190206,272.0,LBF,13.0,0.00013000157171871954
549,10.0,0.07698209718670077,272.0,LBF,13.0,0.00011447412804109887
550,0.0,0.008700102354145343,65160.0,IA-LBF,13.0,1.3981429958640601e-05
551,1.0,0.00815280689494526,71788.0,IA-LBF,13.0,9.906242497234424e-06
552,2.0,0.008315565031982943,77556.0,IA-LBF,13.0,8.720579978341384e-06
553,3.0,0.008069277701239913,83952.0,IA-LBF,13.0,9.382908769662943e-06
554,4.0,0.007492690058479532,90332.0,IA-LBF,13.0,9.374499815628242e-06
555,5.0,0.006990622335890878,97912.0,IA-LBF,13.0,9.133608014751767e-06
556,6.0,0.006562099871959027,104800.0,IA-LBF,13.0,1.0041337994676617e-05
557,7.0,0.006920415224913495,111432.0,IA-LBF,13.0,8.448245867374286e-06
558,8.0,0.006400227563646707,118424.0,IA-LBF,13.0,9.909984723446027e-06
559,9.0,0.006744907594765951,125480.0,IA-LBF,13.0,1.0062156248984862e-05
560,10.0,0.006649616368286445,130692.0,IA-LBF,13.0,7.704241112215356e-06
561,0.0,0.00255885363357216,144.0,CA-LBF I,13.0,1.2998590835777274e-05
562,1.0,0.0034940600978336828,144.0,CA-LBF I,13.0,9.390328434987682e-06
563,2.0,0.004477611940298508,144.0,CA-LBF I,13.0,8.297164410476368e-06
564,3.0,0.005707537886242866,144.0,CA-LBF I,13.0,8.821487426757812e-06
565,4.0,0.006030701754385965,144.0,CA-LBF I,13.0,8.821982071112795e-06
566,5.0,0.006990622335890878,144.0,CA-LBF I,13.0,8.584058136366216e-06
567,6.0,0.010083226632522407,144.0,CA-LBF I,13.0,9.570944581854616e-06
568,7.0,0.01188506092974274,144.0,CA-LBF I,13.0,8.097805253185503e-06
569,8.0,0.012800455127293414,144.0,CA-LBF I,13.0,9.42670381986178e-06
570,9.0,0.016187778227438283,144.0,CA-LBF I,13.0,9.617537817687354e-06
571,10.0,0.017263427109974423,144.0,CA-LBF I,13.0,7.209559736033735e-06
572,0.0,0.003097573567372225,144.0,CA-LBF II,14.0,1.3470129803333699e-05
573,1.0,0.010740135419098762,176.0,CA-LBF II,14.0,5.535713369915594e-05
574,2.0,0.010904425914047467,176.0,CA-LBF II,14.0,6.74976847478463e-05
575,3.0,0.015001973943939992,176.0,CA-LBF II,14.0,7.778678197583717e-05
576,4.0,0.024014665444546286,176.0,CA-LBF II,14.0,8.574264178137562e-05
577,5.0,0.016752136752136753,208.0,CA-LBF II,14.0,9.189354433558294e-05
578,6.0,0.014734144778987828,208.0,CA-LBF II,14.0,0.00010007533115061801
579,7.0,0.025459475745706537,208.0,CA-LBF II,14.0,0.0001095719248242289
580,8.0,0.017506404782237403,208.0,CA-LBF II,14.0,0.00012117810160107523
581,9.0,0.02681218000538938,272.0,CA-LBF II,14.0,0.0001200514375048219
582,10.0,0.02979539641943734,272.0,CA-LBF II,14.0,0.00012288172874529992
583,0.0,0.003097573567372225,144.0,LBF,14.0,1.3489936123508283e-05
584,1.0,0.011207097828624796,176.0,LBF,14.0,5.435646816902635e-05
585,2.0,0.019456916827025873,176.0,LBF,14.0,6.712670148160942e-05
586,3.0,0.02743782076589025,176.0,LBF,14.0,7.733121452489829e-05
587,4.0,0.046012832263978,176.0,LBF,14.0,8.597116747337753e-05
588,5.0,0.05247863247863248,208.0,LBF,14.0,9.011282465764596e-05
589,6.0,0.05573350416399744,208.0,LBF,14.0,9.922128705125836e-05
590,7.0,0.06658632118107864,208.0,LBF,14.0,0.00010519513469228129
591,8.0,0.07329917449473385,208.0,LBF,14.0,0.00011595420678787073
592,9.0,0.07976286715171113,272.0,LBF,14.0,0.0001204083218643918
593,10.0,0.0860613810741688,272.0,LBF,14.0,0.00011756861284220293
594,0.0,0.0074858027878162104,67148.0,IA-LBF,14.0,1.4547247010228047e-05
595,1.0,0.007471398552416531,72344.0,IA-LBF,14.0,7.6002105143060325e-06
596,2.0,0.007055805003207184,78768.0,IA-LBF,14.0,9.146468767981311e-06
597,3.0,0.006514015001973944,87020.0,IA-LBF,14.0,9.658425675388194e-06
598,4.0,0.006782768102658112,94040.0,IA-LBF,14.0,9.56642182536145e-06
599,5.0,0.006153846153846154,99368.0,IA-LBF,14.0,9.03517378811025e-06
600,6.0,0.006085842408712364,106384.0,IA-LBF,14.0,9.049496878705253e-06
601,7.0,0.0055739680626694784,113096.0,IA-LBF,14.0,9.057923314972876e-06
602,8.0,0.004981497295758611,119752.0,IA-LBF,14.0,9.601180617873734e-06
603,9.0,0.005524117488547561,125352.0,IA-LBF,14.0,8.951849352545154e-06
604,10.0,0.005498721227621483,131164.0,IA-LBF,14.0,8.816530699541563e-06
605,0.0,0.003097573567372225,144.0,CA-LBF I,14.0,1.3457503274222401e-05
606,1.0,0.0035022180714452487,144.0,CA-LBF I,14.0,7.140191264172312e-06
607,2.0,0.004276245456489203,144.0,CA-LBF I,14.0,8.525195458123298e-06
608,3.0,0.005329648637978681,144.0,CA-LBF I,14.0,8.966418222767683e-06
609,4.0,0.006782768102658112,144.0,CA-LBF I,14.0,8.960482490507893e-06
610,5.0,0.008547008547008548,144.0,CA-LBF I,14.0,9.666834629422897e-06
611,6.0,0.009609224855861628,144.0,CA-LBF I,14.0,8.621235647221365e-06
612,7.0,0.01084664055438385,144.0,CA-LBF I,14.0,8.611817865510493e-06
613,8.0,0.012667235980643324,144.0,CA-LBF I,14.0,9.306255348506935e-06
614,9.0,0.014955537590945837,144.0,CA-LBF I,14.0,8.305987796267948e-06
615,10.0,0.017135549872122763,144.0,CA-LBF I,14.0,8.110197071226124e-06
616,0.0,0.0020597322348094747,144.0,CA-LBF II,15.0,1.333688278435918e-05
617,1.0,0.022185894441849603,176.0,CA-LBF II,15.0,5.665062868743517e-05
618,2.0,0.008130081300813009,176.0,CA-LBF II,15.0,6.713956223483896e-05
619,3.0,0.014009471191791634,176.0,CA-LBF II,15.0,7.610845367938156e-05
620,4.0,0.01466275659824047,176.0,CA-LBF II,15.0,8.902757494281436e-05
621,5.0,0.0140218878248974,208.0,CA-LBF II,15.0,9.318901790128209e-05
622,6.0,0.012818458580355713,208.0,CA-LBF II,15.0,0.00010271627541143533
623,7.0,0.011911942098914354,208.0,CA-LBF II,15.0,0.00011127951735022657
624,8.0,0.015380233551694674,208.0,CA-LBF II,15.0,0.00012185370352064993
625,9.0,0.023161863722057634,272.0,CA-LBF II,15.0,0.00013549858220153935
626,10.0,0.023017902813299233,272.0,CA-LBF II,15.0,0.0001407690702505766
627,0.0,0.0020597322348094747,144.0,LBF,15.0,1.3308262651706906e-05
628,1.0,0.02475478748248482,176.0,LBF,15.0,5.992319573999935e-05
629,2.0,0.029311082584510057,176.0,LBF,15.0,7.420407291269896e-05
630,3.0,0.036306235201262825,176.0,LBF,15.0,8.251805523124473e-05
631,4.0,0.04343841642228739,176.0,LBF,15.0,9.507855933731522e-05
632,5.0,0.04890560875512996,208.0,LBF,15.0,0.00010176862423845347
633,6.0,0.04951129626662394,208.0,LBF,15.0,0.0001011132698297005
634,7.0,0.0520205066344994,208.0,LBF,15.0,0.00011422133495307018
635,8.0,0.05525491313016235,208.0,LBF,15.0,0.00011836961996034871
636,9.0,0.06248316725020199,272.0,LBF,15.0,0.00012863153231614842
637,10.0,0.06841432225063938,272.0,LBF,15.0,0.00012755344414661432
638,0.0,0.006179196704428424,64920.0,IA-LBF,15.0,1.4365325959424486e-05
639,1.0,0.006305464736104624,71660.0,IA-LBF,15.0,8.702278137207031e-06
640,2.0,0.006204535729567822,78344.0,IA-LBF,15.0,9.255290526077461e-06
641,3.0,0.00611681136543015,85300.0,IA-LBF,15.0,9.318110359160237e-06
642,4.0,0.006231671554252199,91820.0,IA-LBF,15.0,9.577798645526047e-06
643,5.0,0.006155950752393981,98352.0,IA-LBF,15.0,9.352735464009013e-06
644,6.0,0.006409229290177856,105748.0,IA-LBF,15.0,9.115917023402985e-06
645,7.0,0.0061821471652593486,112508.0,IA-LBF,15.0,9.340456766299052e-06
646,8.0,0.006550840216462546,117520.0,IA-LBF,15.0,9.400928838337285e-06
647,9.0,0.006463775922434689,124756.0,IA-LBF,15.0,8.023454344941772e-06
648,10.0,0.006521739130434782,130632.0,IA-LBF,15.0,9.169945350060096e-06
649,0.0,0.0020597322348094747,144.0,CA-LBF I,15.0,1.3247704827773113e-05
650,1.0,0.003269500233535731,144.0,CA-LBF I,15.0,8.176965832215621e-06
651,2.0,0.004278990158322636,144.0,CA-LBF I,15.0,8.744817551735526e-06
652,3.0,0.005130228887134964,144.0,CA-LBF I,15.0,8.557841985552143e-06
653,4.0,0.0071480938416422285,144.0,CA-LBF I,15.0,9.091068600223272e-06
654,5.0,0.00872093023255814,144.0,CA-LBF I,15.0,8.77746407916437e-06
655,6.0,0.008652459541740105,144.0,CA-LBF I,15.0,8.60735681101587e-06
656,7.0,0.010253317249698432,144.0,CA-LBF I,15.0,8.869567680755425e-06
657,8.0,0.0122472230133865,144.0,CA-LBF I,15.0,8.895838335001544e-06
658,9.0,0.014812819822246161,144.0,CA-LBF I,15.0,7.589740713520011e-06
659,10.0,0.017263427109974423,144.0,CA-LBF I,15.0,8.597939029304997e-06
660,0.0,0.0025380710659898475,144.0,CA-LBF II,16.0,1.25373016389112e-05
661,1.0,0.01245674740484429,176.0,CA-LBF II,16.0,6.008098728923877e-05
662,2.0,0.008047437526471834,176.0,CA-LBF II,16.0,6.929274911207776e-05
663,3.0,0.005874290189935382,176.0,CA-LBF II,16.0,8.064582634763599e-05
664,4.0,0.022068210833485317,176.0,CA-LBF II,16.0,9.145034299351862e-05
665,5.0,0.012438234792980065,208.0,CA-LBF II,16.0,9.60258032771067e-05
666,6.0,0.011182108626198083,208.0,CA-LBF II,16.0,0.00010291553584552853
667,7.0,0.01981981981981982,208.0,CA-LBF II,16.0,0.00010304738478948073
668,8.0,0.014186409419775855,208.0,CA-LBF II,16.0,0.0001228376138730753
669,9.0,0.024252223120452707,272.0,CA-LBF II,16.0,0.00014812931449398429
670,10.0,0.02442455242966752,272.0,CA-LBF II,16.0,0.00012550135907908735
671,0.0,0.0025380710659898475,144.0,LBF,16.0,1.2478724446994865e-05
672,1.0,0.011534025374855825,176.0,LBF,16.0,6.552652699324105e-05
673,2.0,0.016306649724692927,176.0,LBF,16.0,7.65313746028916e-05
674,3.0,0.019776776972782455,176.0,LBF,16.0,9.45309880363496e-05
675,4.0,0.03246397957322634,176.0,LBF,16.0,0.00010341628458490016
676,5.0,0.0337365820412336,208.0,LBF,16.0,9.634732210784532e-05
677,6.0,0.038977635782747606,208.0,LBF,16.0,9.81997055719895e-05
678,7.0,0.0503003003003003,208.0,LBF,16.0,0.00010092144448643167
679,8.0,0.053340899418357214,208.0,LBF,16.0,0.00011834235796065935
680,9.0,0.06319051468606844,272.0,LBF,16.0,0.00014903788259272268
681,10.0,0.06828644501278773,272.0,LBF,16.0,0.0001299867015370708
682,0.0,0.007360406091370559,62200.0,IA-LBF,16.0,1.3469089971524533e-05
683,1.0,0.006459054209919262,68380.0,IA-LBF,16.0,9.0054951268113e-06
684,2.0,0.0063532401524777635,75448.0,IA-LBF,16.0,9.793463584298415e-06
685,3.0,0.006853338554924614,81636.0,IA-LBF,16.0,1.0594292795015074e-05
686,4.0,0.007112894400875433,88272.0,IA-LBF,16.0,1.1568247529975607e-05
687,5.0,0.0068154711194411315,95492.0,IA-LBF,16.0,9.92553362707874e-06
688,6.0,0.006230031948881789,102708.0,IA-LBF,16.0,9.335500039082802e-06
689,7.0,0.006456456456456456,108564.0,IA-LBF,16.0,8.411566085974045e-06
690,8.0,0.006100156050503618,116116.0,IA-LBF,16.0,9.702297853085206e-06
691,9.0,0.005928321207221773,125216.0,IA-LBF,16.0,1.118039390897057e-05
692,10.0,0.005754475703324808,130860.0,IA-LBF,16.0,8.603887101964495e-06
693,0.0,0.0025380710659898475,144.0,CA-LBF I,16.0,1.2517396287135742e-05
694,1.0,0.0034602076124567475,144.0,CA-LBF I,16.0,8.519259725863508e-06
695,2.0,0.004023718763235917,144.0,CA-LBF I,16.0,9.203847513159282e-06
696,3.0,0.004895241824946152,144.0,CA-LBF I,16.0,9.395274878537506e-06
697,4.0,0.006748130585445924,144.0,CA-LBF I,16.0,1.0269806098146557e-05
698,5.0,0.007326631453399216,144.0,CA-LBF I,16.0,9.374499815628242e-06
699,6.0,0.010223642172523962,144.0,CA-LBF I,16.0,8.798190808841444e-06
700,7.0,0.01156156156156156,144.0,CA-LBF I,16.0,7.963477945625163e-06
701,8.0,0.01361895304298482,144.0,CA-LBF I,16.0,9.51245520070288e-06
702,9.0,0.015359741309620048,144.0,CA-LBF I,16.0,1.1071841582934722e-05
703,10.0,0.017135549872122763,144.0,CA-LBF I,16.0,8.198426815675351e-06
704,0.0,0.003054989816700611,144.0,CA-LBF II,17.0,1.2678322638554241e-05
705,1.0,0.013194444444444444,176.0,CA-LBF II,17.0,5.999294059405188e-05
706,2.0,0.008073082642872318,176.0,CA-LBF II,17.0,6.938623689516946e-05
707,3.0,0.012966601178781925,176.0,CA-LBF II,17.0,8.112266350583911e-05
708,4.0,0.012210679788591215,176.0,CA-LBF II,17.0,8.567388621603304e-05
709,5.0,0.011910838863365662,208.0,CA-LBF II,17.0,9.692852922494976e-05
710,6.0,0.024685459468068164,208.0,CA-LBF II,17.0,9.930356872304809e-05
711,7.0,0.022525904790509085,208.0,CA-LBF II,17.0,0.0001183314531607836
712,8.0,0.018305661983822902,208.0,CA-LBF II,17.0,0.00012158257054192112
713,9.0,0.023809523809523808,272.0,CA-LBF II,17.0,0.0001384309820226721
714,10.0,0.024168797953964195,272.0,CA-LBF II,17.0,0.00013708671760162544
715,0.0,0.003054989816700611,144.0,LBF,17.0,1.2649108316296728e-05
716,1.0,0.013888888888888888,176.0,LBF,17.0,6.597516942321018e-05
717,2.0,0.017208413001912046,176.0,LBF,17.0,7.837194624778146e-05
718,3.0,0.021021611001964636,176.0,LBF,17.0,8.941339753970071e-05
719,4.0,0.024239110625113906,176.0,LBF,17.0,9.388448786438748e-05
720,5.0,0.02909647779479326,208.0,LBF,17.0,0.00011330076273051535
721,6.0,0.04188565058130275,208.0,LBF,17.0,0.00010275097250194906
722,7.0,0.051058717525153924,208.0,LBF,17.0,0.00011872551297447538
723,8.0,0.057329360011352345,208.0,LBF,17.0,0.00012038948630097006
724,9.0,0.06389561474307237,272.0,LBF,17.0,0.0001271648367328604
725,10.0,0.06764705882352941,272.0,LBF,17.0,0.00015615276883892607
726,0.0,0.006109979633401222,63228.0,IA-LBF,17.0,1.3700279243762371e-05
727,1.0,0.00625,69760.0,IA-LBF,17.0,9.242924417202898e-06
728,2.0,0.005523688124070533,77208.0,IA-LBF,17.0,9.769720655259255e-06
729,3.0,0.005304518664047151,83656.0,IA-LBF,17.0,1.013130567875146e-05
730,4.0,0.005285219609987243,89864.0,IA-LBF,17.0,8.736408597700824e-06
731,5.0,0.006125574272588055,96276.0,IA-LBF,17.0,9.459578644685231e-06
732,6.0,0.006051919095397356,101872.0,IA-LBF,17.0,8.278230123856954e-06
733,7.0,0.005856735245532362,110024.0,IA-LBF,17.0,1.0605909224607345e-05
734,8.0,0.006527600397332198,116680.0,IA-LBF,17.0,9.582840727173613e-06
735,9.0,0.00645682001614205,123276.0,IA-LBF,17.0,9.868843887551163e-06
736,10.0,0.006649616368286445,130328.0,IA-LBF,17.0,9.752856470690943e-06
737,0.0,0.003054989816700611,144.0,CA-LBF I,17.0,1.2682382934190032e-05
738,1.0,0.003703703703703704,144.0,CA-LBF I,17.0,8.872435795321009e-06
739,2.0,0.004673889951136605,144.0,CA-LBF I,17.0,9.212256467193983e-06
740,3.0,0.0066797642436149315,144.0,CA-LBF I,17.0,9.595605842305416e-06
741,4.0,0.007289958082741024,144.0,CA-LBF I,17.0,8.287271523376718e-06
742,5.0,0.008848051727071635,144.0,CA-LBF I,17.0,8.976805754222316e-06
743,6.0,0.01051122790253225,144.0,CA-LBF I,17.0,7.721589657472226e-06
744,7.0,0.011563297792461331,144.0,CA-LBF I,17.0,9.804902106461554e-06
745,8.0,0.013055200794664396,144.0,CA-LBF I,17.0,9.227443385768581e-06
746,9.0,0.01493139628732849,144.0,CA-LBF I,17.0,9.065854078518873e-06
747,10.0,0.017391304347826087,144.0,CA-LBF I,17.0,9.240826549252452e-06
748,0.0,0.0025497195308516064,144.0,CA-LBF II,18.0,1.281548140576324e-05
749,1.0,0.01897708863688961,176.0,CA-LBF II,18.0,5.8614861421070656e-05
750,2.0,0.006997455470737914,176.0,CA-LBF II,18.0,6.821442441821593e-05
751,3.0,0.01743047395221308,176.0,CA-LBF II,18.0,7.663970171663277e-05
752,4.0,0.013098053483718392,176.0,CA-LBF II,18.0,8.750456497382327e-05
753,5.0,0.01441899915182358,208.0,CA-LBF II,18.0,9.157993981452404e-05
754,6.0,0.014335775724753107,208.0,CA-LBF II,18.0,0.00010835455261991822
755,7.0,0.02448550398077212,208.0,CA-LBF II,18.0,0.00011680626819634388
756,8.0,0.020602443876101165,208.0,CA-LBF II,18.0,0.00013610231157647844
757,9.0,0.017638346573313587,272.0,CA-LBF II,18.0,0.00013409483705389773
758,10.0,0.021739130434782608,272.0,CA-LBF II,18.0,0.000132107189440182
759,0.0,0.0025497195308516064,144.0,LBF,18.0,1.2775126028407523e-05
760,1.0,0.01967137236750752,176.0,LBF,18.0,5.919606853817508e-05
761,2.0,0.022476675148430873,176.0,LBF,18.0,6.849686634491093e-05
762,3.0,0.03505679592636114,176.0,LBF,18.0,7.738908791443124e-05
763,4.0,0.04165908677460433,176.0,LBF,18.0,8.90547803823384e-05
764,5.0,0.04851569126378287,208.0,LBF,18.0,9.073558190056891e-05
765,6.0,0.0543166613571201,208.0,LBF,18.0,0.00010863609472580115
766,7.0,0.06128886885984678,208.0,LBF,18.0,0.00011568753486363655
767,8.0,0.06578573458368855,208.0,LBF,18.0,0.00012073150047889122
768,9.0,0.06812979668776087,272.0,LBF,18.0,0.00012496851090334062
769,10.0,0.07148337595907929,272.0,LBF,18.0,0.00012625626863412202
770,0.0,0.009688934217236104,61896.0,IA-LBF,18.0,1.3788021242135782e-05
771,1.0,0.00856283267762092,68164.0,IA-LBF,18.0,8.537066922642878e-06
772,2.0,0.00826972010178117,74116.0,IA-LBF,18.0,8.866994707416202e-06
773,3.0,0.008617312965139052,81576.0,IA-LBF,18.0,9.370542660788382e-06
774,4.0,0.008368200836820083,89172.0,IA-LBF,18.0,9.358671196268802e-06
775,5.0,0.007803223070398643,95836.0,IA-LBF,18.0,8.657265500903625e-06
776,6.0,0.007327174259318254,103408.0,IA-LBF,18.0,1.0180126356731582e-05
777,7.0,0.007210455159981974,111120.0,IA-LBF,18.0,1.0538993407187987e-05
778,8.0,0.006962205171923842,117812.0,IA-LBF,18.0,1.243444589468149e-05
779,9.0,0.006866837215564831,125028.0,IA-LBF,18.0,9.490645600951387e-06
780,10.0,0.006649616368286445,131300.0,IA-LBF,18.0,9.114925677959736e-06
781,0.0,0.0025497195308516064,144.0,CA-LBF I,18.0,1.2797408138603932e-05
782,1.0,0.0034714186530895625,144.0,CA-LBF I,18.0,8.176965832215621e-06
783,2.0,0.004877014418999152,144.0,CA-LBF I,18.0,8.603349266210533e-06
784,3.0,0.005483744614179397,144.0,CA-LBF I,18.0,8.901619812264977e-06
785,4.0,0.007640531198835728,144.0,CA-LBF I,18.0,8.898651946135081e-06
786,5.0,0.008481764206955046,144.0,CA-LBF I,18.0,8.176965832215621e-06
787,6.0,0.009875756610385472,144.0,CA-LBF I,18.0,9.672061817066089e-06
788,7.0,0.011867207450803665,144.0,CA-LBF I,18.0,9.93377701408402e-06
789,8.0,0.014350667803353225,144.0,CA-LBF I,18.0,9.762769925123442e-06
790,9.0,0.015618688568735694,144.0,CA-LBF I,18.0,9.154579495689725e-06
791,10.0,0.017263427109974423,144.0,CA-LBF I,18.0,8.552832811637132e-06
792,0.0,0.002552322613578356,144.0,CA-LBF II,19.0,1.2851083266277057e-05
793,1.0,0.006516174074936002,176.0,CA-LBF II,19.0,6.107522244275358e-05
794,2.0,0.012823252831801668,176.0,CA-LBF II,19.0,7.067231221812394e-05
795,3.0,0.009239237271476313,176.0,CA-LBF II,19.0,6.937782794113476e-05
796,4.0,0.017899543378995433,176.0,CA-LBF II,19.0,8.471971725527182e-05
797,5.0,0.019741320626276378,208.0,CA-LBF II,19.0,8.652071735176308e-05
798,6.0,0.011961722488038277,208.0,CA-LBF II,19.0,0.00010324069715091444
799,7.0,0.015892053973013492,208.0,CA-LBF II,19.0,0.00010412398594084995
800,8.0,0.013906626933446856,208.0,CA-LBF II,19.0,0.00013516747282349393
801,9.0,0.0197766715996233,272.0,CA-LBF II,19.0,0.00012928433329052836
802,10.0,0.022250639386189257,272.0,CA-LBF II,19.0,0.00014208161161743924
803,0.0,0.002552322613578356,144.0,LBF,19.0,1.0351575176044911e-05
804,1.0,0.006981615080288574,176.0,LBF,19.0,6.20214770938351e-05
805,2.0,0.01709767044240222,176.0,LBF,19.0,6.940404409194883e-05
806,3.0,0.021230587772754078,176.0,LBF,19.0,7.06000941422965e-05
807,4.0,0.030319634703196346,176.0,LBF,19.0,8.869220607013623e-05
808,5.0,0.03999319264805991,208.0,LBF,19.0,8.777117828115882e-05
809,6.0,0.04322169059011164,208.0,LBF,19.0,0.00010043221551018792
810,7.0,0.046776611694152925,208.0,LBF,19.0,0.00010246249097796339
811,8.0,0.04909890733645523,208.0,LBF,19.0,0.00013077680385534084
812,9.0,0.05300686129422844,272.0,LBF,19.0,0.0001272520751318664
813,10.0,0.058184143222506396,272.0,LBF,19.0,0.00013689390091291335
814,0.0,0.006636038795303726,63692.0,IA-LBF,19.0,1.3869326186452452e-05
815,1.0,0.00605073306958343,71344.0,IA-LBF,19.0,1.0585883840980372e-05
816,2.0,0.007052789057490917,77504.0,IA-LBF,19.0,1.0779784428133509e-05
817,3.0,0.007273442107332416,82792.0,IA-LBF,19.0,9.291894208346165e-06
818,4.0,0.006940639269406392,90284.0,IA-LBF,19.0,1.1797267866332501e-05
819,5.0,0.006466984343090538,95592.0,IA-LBF,19.0,1.0156037896500583e-05
820,6.0,0.007017543859649123,103368.0,IA-LBF,19.0,1.0824005222122287e-05
821,7.0,0.006596701649175412,108692.0,IA-LBF,19.0,1.0353611809300286e-05
822,8.0,0.006669504753795941,117044.0,IA-LBF,19.0,1.3070889669247823e-05
823,9.0,0.0065922238665411005,124704.0,IA-LBF,19.0,1.1821298738031526e-05
824,10.0,0.006138107416879796,131528.0,IA-LBF,19.0,1.1804941538217906e-05
825,0.0,0.002552322613578356,144.0,CA-LBF I,19.0,1.288812108500353e-05
826,1.0,0.003490807540144287,144.0,CA-LBF I,19.0,1.085694894751078e-05
827,2.0,0.005129301132720667,144.0,CA-LBF I,19.0,1.10795389072529e-05
828,3.0,0.006880283074503637,144.0,CA-LBF I,19.0,7.902438215200338e-06
829,4.0,0.008036529680365296,144.0,CA-LBF I,19.0,9.982417727901728e-06
830,5.0,0.009530292716133424,144.0,CA-LBF I,19.0,8.643415458964115e-06
831,6.0,0.010685805422647528,144.0,CA-LBF I,19.0,9.329551966423304e-06
832,7.0,0.011394302848575712,144.0,CA-LBF I,19.0,7.940677000430419e-06
833,8.0,0.012629487725273166,144.0,CA-LBF I,19.0,1.0176160974958583e-05
834,9.0,0.01493340508542984,144.0,CA-LBF I,19.0,9.294854875909563e-06
835,10.0,0.017263427109974423,144.0,CA-LBF I,19.0,9.180850149935843e-06
